name,email,phone,address,ssn,credit_card,dob,account_balance,customer_loyalty_points,membership_tier,last_login
Jamie Snow,frederickzimmerman@example.org,cd9689cb2e525f4e2c0fdf1d442a5aaa23d4c4a21b18f4b1fc16c98fb5f4fd04,b2c3bf70860b445b4699e569f18abd52db645ccae3e93e041f8c89d053f6875d,273-34-9198,30067130491643,f48141d4ce95cde6969a959783e4bb09689e79fcd0a7a0d8406030ef78e04d23,7325.31093583285,968,Gold,2024-05-03 08:53:25
Annette Cunningham,lopezelizabeth@example.org,26832beaecb47673afdc42390b411d933b77c69386dbc5eeca6d62df7f1ac6dc,838dbdf2da0aa6cb3111d0ab245a3ffdd7883ab61c12eb86b5d278d67bfb8488,ae7d70fd8b733ed387d65a3e010205118e2d03d8bcdddaeae51ab0dbd8207ef7,222e45087345723f25079de8bc632ef55b933d9422024e14380eb9ee996d25c4,3666f0c541accf8e6ed8828cc477749e630147872f0fcadbb0905e3b7367988a,2692.465722666433,113,Silver,2024-02-22 08:21:18
Zachary Jacobs,jmoses@example.org,8620402c99522f109e3ffce1b25464e5028543f28a0aa78c4f47959018ab9047,"998 Cross Extensions Apt. 416
Port Sarah, ME 96540",883-88-5229,30200792684441,2006-05-22,7885.866977499313,643,Gold,2024-07-17 16:06:30
Carol Knight,fergusonjohn@example.net,5c441771ac095ded90d0c0c83e3b7da5d06e4ad8e8338c7c3535ac2bbb709ae5,"053 Colin Crossroad
West Andrewchester, SC 47905",667-53-4519,1c8e3f85d7cf5f03a4f1a05dd6b7b59cd525e78c56dc72e1c40b54d9769edf80,6d9cacf9610d31a4863f755b9117317e31960a1047d7db790b89e391e598256a,2298.3559680440585,439,Platinum,2024-04-13 07:42:01
Sherri Fisher,20c971bb50809bf297239ed8a604ad0cfa699899084792f60d8632e02c0102d5,65c85ef9369ad8195b2f4db955db15660281eb7b43267694f8bf248e4c9296b6,"110 Stanley Hills
New Sheliastad, AS 62599",831-35-7587,5313911383457537,0c03eeae22b1dc4afb80b4fbd16f91011c0a6b253b7c489803c173b951caec48,1625.8803442954377,854,Gold,2024-01-18 16:58:40
Johnny Lewis,gregory56@example.net,(206)258-1387x527,"USNV Johnson
FPO AE 41054",710-70-0914,30527131509982,b6f181d961007f83887c41e5d6dc15c967575d2a438672b1422b619f5b45fa76,6925.724624893785,378,Platinum,2024-03-04 16:18:16
Adam Hendricks,newmanaustin@example.org,+1-356-489-5864x3324,c4e7c080fabffe200a3be0c8170835c3c4677996980b0caddfcf1e56b05e61b3,d0af4f6ae6a3a6d5916ecee5065727905515d0a7e9a015be03cd0e49623a89d4,348337286912339,c2b3619b2014e786181f046bd2b3ee1708ad6b9208a9f758bb5e46077dc50abe,4562.961287555153,592,Platinum,2024-09-03 21:40:07
Rebecca Nunez,930c6c31e646cd21386ec52de9f1ea0e8f1d92118bb9af777e77133d1373fbff,(496)276-9829x366,4c834db06e32f2840fbc1e631e30326219eddb413b4b9ea616c4c92f065d1295,464-82-2742,6e99793bd2ab7a853f788c9a87dc8f928b8765c1521025cf7819c54fe1838146,c8b56350240b69dc08decdcb1199ab1d4cc319886f0d10971cae65bf13de2b5a,4175.855650475445,180,Platinum,2024-03-02 01:53:50
Jennifer Morales,41ca7eec14f32af3c29c0a1380935b7247b0de9a9fafaa57b52b04906d099a5f,78853e6c7b53ff3e44759fb3852fb6e32fe4ae4f9d84e28f6337752e2b252b97,"164 Newman Rue
Joshuamouth, GA 94722",760-25-9954,3ee87eaa1a8bc116f1f9d8addc955a111fd2e0fd862ea00329d1a75ed781dc21,b5d396eeb4e59ed62db096cd7f3749322824068a9f8cf85e9388654637fb8bdf,5677.634797412731,492,Gold,2024-04-18 01:44:53
Anthony Thomas,williethomas@example.org,475.870.1940,8b84c3738ec711a01446ca909618dc3c474efc514d7049a796694e96b4e71dfb,030-48-8914,f1afc20320796e637e9ef1d60c4c800b614af153b960107a494ad55e881ede7f,2004-08-12,3474.8712937824343,771,Silver,2024-03-13 13:26:36
Anthony Schultz,38c03da2117168d78ab9660c2a61e01fdef28c96bbafbbf5d40f00fab15688ab,d6947a7fe50936fe754c670f8f3d4bc46a4922139b970f871297caf1877f854c,960780c7fc5dd07c02964ff8515e76608121cb54e3f304dca182a74d4fe7beb6,a47212a2fef8374c91e3462d9e311be0ad816f5c56e4c31a112b5b198ecd0046,52f3c06e7dacbc8cd35691befd689db42a0f33b9ad0fb29969b70fbd60e502cb,064ea865134968045d37213d5116f1911290590d593142ef2875cf30fa36fb39,2390.678928447317,775,Silver,2024-06-12 05:41:11
Larry Richardson,nwarren@example.net,7393858208,"320 Watts Burg Suite 117
Vanessabury, UT 91600",6e852190724fc6977387f1cc9ef84573cb4a63e9c5ba56bc05d22af4c5a7abd6,c427cdd89cac8052dcc36c7df4b1ff04cb699c7807441f03b9f3bc8557d93124,305d9b204ebe5961c46d85553b4abb86736edbb4113329daf8bc5cb5f40a14a3,3580.6922970821847,182,Silver,2024-08-04 16:07:26
Elizabeth Riggs,francojeffrey@example.com,fa0f0f77693874466d66446113d1ee36b0668c67dde4c2c95180694da58df324,bf9a710f0fb0870e6ee72f94134d29f2bb161e1aba344c39170feb3fc9ce8781,c8524ef5ce6559c831e589c71b59a8e0f02a7b2d61ae3c316b08203a6ef9b60d,630472678493,be51801b7e0748a75833938b1c30e7dcc2e8722004e49a7ca99e2c832e918030,4583.806295662406,450,Platinum,2024-03-23 10:07:31
Mariah Allen,1edc909112d8cfb95410bbd1d08e7c45c5db5ccfd40b1db502e43d40e207bcef,3f487d5226bdca8b3a56a284064a8e97e606413d9f785ed25644bbf6df41988d,19b6790d943b318dd1ebb1741c4ae833da3b6948ee43880fa533c485ce96d9bd,25b6fa2431547bc91ca90c470455ec490ff3a6cd576051233de8ec6fd82e5644,a2385e4c69c7f351fb189cee918345b376f5516fa3a45678ddc0a55225ea85bd,d82635694e69c19fafe8648104344d701f487cdca4b3db16c54bb0d17c944b70,2597.9351237779683,183,Silver,2024-05-07 08:33:09
Victoria Stewart,97678072bdd36094cd6781291252c715685335d3937e15b225738960efee4f95,82b2ae0c1107bfc4fa6aeb1041139e169d581cee16e952cf472572d54f1950f7,7f0e09bdab22bbefc5b076fa47a837439d4e3f2859e4f754927952f508b6e740,843-30-4853,f4f6a3980378a5aa7254bd4a322df8b7a0d804fde3af160b844718046883dba5,1943-10-08,1922.85310787139,839,Gold,2024-04-22 19:14:43
Miss Wendy Stewart MD,507b6e0873761d6b70928409c4f62d7590e42ed9a878f9587eb7f29dbead959a,725-803-2798,cd5750a7b7d5adb33f664dc1fc4a238d0c123117dd19aff7f1a6cb4c6146b9e3,08f2d8572a63243db9eb723913d2ebf4c2fa6320a0f4b981a77ad75ffad5810b,ddb43361c25afa083d280fc8174548d3d47db1b42de117c40ec068bf19bca12a,9e7c8685ec1e18176672e86492b28128660d4f292e5e2319b4ffb3b544864a14,4964.96714365428,203,Platinum,2024-06-20 16:00:48
Anita Smith,elizabethmoore@example.com,3bb60005a3f21790871ed1d8ed8f4453f029eeceac704a4fccce510486c568f6,"953 Bryant Falls
East Alan, OH 69536",2bcdc6348c73ca8ee7227d88cc6cc5f4dd83069ec494b9d9c6090bc4f532293f,6011868863941096,b980a67e96c01d0425e4fbbbf49b65c5a941fa972936cd30a3528835469e638c,6257.82662600032,278,Silver,2024-07-30 02:41:06
Deanna Miller,joshuahernandez@example.com,(424)765-4267,41af0539a91198c704ffa2a2b86634a88e5b214247f62f5e734b16b02ea201aa,0b46d67a9ba19ec43f3267a9b1d5156440bd74defe274bd102697bb766e9ef39,3f822c41f981ae518c8dbb204a71c8ecebdaa66163097d093ec624825bf5e792,1966-08-01,1293.4149903701398,628,Platinum,2024-02-18 18:56:43
Johnny Matthews,f144ea25f038f16cef90b8fff079dc7b33b1c054763e437f43b09d638e36f719,4644fdfccdc0e3fb15b611b9ebdb6411f212eba1baa5e6c4a62bce9954903089,0a94101320e998b2f90393af545fa7d4e37f99e92212202053addd98d7c008ce,7d81e8b75f8c5ebcba267be9bc0d7a77a7e046a06903695a0f082d4792ff938a,f746b637f1e2a968688158e8463f7da2a93ebd8d8627866d91aa9b17ad196407,1990-08-19,8286.637151270235,985,Platinum,2024-01-03 16:15:14
Yvonne Lara,yvette13@example.com,1d90fbf7d0e42a1b395ce14286ce6ad4f8e8bac39264937fe0539141c06bb1e7,aa5f6c2e80acedcaf30d0a05376bc906322610cbcb732e39a7a215b74811b78b,7cadbaa70f83a3a3f02644d18f01196b22855f3bdc0fa1dde36e8eaeda81504f,565623ad61c18f54cd710e6bb01cf1abe81796f4e41a348d4044ef535ab28211,1934-08-30,1486.84190622716,407,Silver,2024-02-13 03:06:30
David Thompson,9ac04b4f6b30773bdfb9de9ec0f08ba051faaf4f1fa08e58e25d2d48000aa3a5,faa7e56002ea5fd7ea03ad942507108f5dc7371cd2a974791b46e62916037d6c,c36e6bab90059b6a97cb07e6ab3872b9e0830f3dde612007efd708560aea30da,5a85ff439a83a768ee33103a1f55cb0f1051e346dd19a07f5a2c36a997c45036,33e84162415d382af97fda0842f679a2cc087049f0b7b3a6f25afbc9bea97a44,163654173a0eea6e65d2514244af02471b3d8a5569a5790385dbaec231482961,5817.442270039322,369,Silver,2024-06-03 08:45:53
Nicholas Huff,96e68493589a185f962d68d03c80cd4c0588d04ac56685e5535d9ef12854373e,40866ad582a846eba7e60da70065a47daa053e34de04b0de81454b9becab9793,"65531 Philip Fields
Lake Patrick, AR 47999",808-38-2834,3fcbb744ce7c6a6ef78a01a7be9e235bacb6fa5b0b5da7162c4743f2657ecbea,1953-11-27,3143.5635874400264,850,Silver,2024-08-18 22:29:53
Nichole Good,justincontreras@example.net,(830)429-2461x4964,56a0885c25ac684dcb2bec57cc6655fa3c434db1589da8aca1a5cbfc2b0469ca,dc5e2533eae02ee6144fbc17db84806becd12af3f9d1b5f2e12af6f9f2434d1a,c6bc2afa5d078b84bb30125e267633f6f8ed329ed423be90d889d767b17648ad,1967-06-17,9957.418713772566,472,Platinum,2024-07-14 01:56:19
Kara Hale,jacobroberts@example.org,311.399.7807x0648,99e6790824f059ee2bba7e3f3d84c9b3fa74566e12e8998acad240864398b5b9,d0873f0b5d5dc70832c5998d0b7ced77d5c1af7afc06a01e75d4d60cd8ff60e5,07152569e17265da448a9776783924762519599a8561863d128dc525c37594a3,c08ff47fe07c7cc544719909a420c62cf45bfc61cc9c21eb64e77f7a0fdb8507,9095.235746067152,500,Gold,2024-01-31 23:03:49
Gregory Hebert,ashleyjones@example.org,87b718c81847329cab86ee260129a85c1014e6f6cdc64d727062d1d4c34c5695,933add4357fc2bc1247edf7c70e9804fa30cd39031ff99c26921c45a7b01c412,465-38-7878,6011990010498315,1999-12-04,9377.573283848964,940,Silver,2024-03-18 11:52:38
Stephanie Hicks,udean@example.com,665-899-1854x94933,"072 Priscilla Spurs Suite 621
Mortonville, DE 35105",889-52-5889,327da6447a53ec0f4b34c4c4824effdc03e08221fea2f3bd49e01089cc9c25f6,1968-02-17,4980.490077259172,271,Gold,2024-05-24 21:44:37
Natalie Michael,alec45@example.net,e1ffb28a549f9ba7c29c2da1d3241f97b1886d3cfede167a5ad9c95f2b74f661,"6715 Webb Path Suite 968
South Ethanview, TN 15026",590-52-9088,4551332878527,1946-12-18,7112.742580933614,446,Platinum,2024-04-23 19:28:47
Kirk Adams,0794d2afeeee2c8d54cfda6506249531fed6e8fc606c648cda98f990395e4931,552-412-2736x160,"25970 Williamson Tunnel Suite 975
West Cheyenne, MA 78765",b124b2e77671d05ebac1951f1d4b8f06bb895d3db23bbe3ca75df3117d770b8f,56aade6fb9abe75be6f708ae974ea65ca75b1f6aa7dee4c0669073b9728a3031,1942-07-07,8962.98902935133,277,Silver,2024-07-20 12:40:01
Mark Campbell,toddmoreno@example.com,31c9d948a85498253927c542f374b6b49c4d43017ff71b198e067c98437b7017,"1259 Stacy Ferry Apt. 363
Cindyshire, VT 69463",537-82-8432,30358734025006,268e4f01a1fb277abbb7c5b99351d117e3f85eba76f6c6ffcddcce5306ebe20d,2346.4527799675143,470,Platinum,2024-04-21 01:46:19
Howard Faulkner,536542d204081bc0d55d5515f6edd1cbac2f4c97665b8243f24dd3375b38e496,345f0948f5049185634a606e57f43971dc63e3a1ab6d864a8961799d599a7667,86b422e6a7ec7a342fd98e9b3891d3409b4e7d2bb2a2efc88163f4dcd243341c,033-37-9888,3562976486766376,1993-07-24,1176.3647405590307,924,Platinum,2024-07-10 14:28:08
Veronica May,reesenathan@example.org,4c6e598227d8c1a26ee70a5d3a9f77188566d2049397c4e4bc23aba65edd8e91,582561f7c339bbd67756e1c2b7637acb206f3478c68d62bbb5262d91f5c2ac16,068-01-5661,e1cd72f7e8f159fc5965b457010aa71a9637637a9afba6616745a6d16e1aa063,1975-02-15,2701.0292946835943,894,Gold,2024-05-08 09:33:14
Brian Hernandez,ef12e346c70403520c2e0eb910038a1e4f509337d4525d360c1256bdcc82595b,4d00100eb48b58dffdb7bdeaa6938841c7026ae44721e9a09ee6c3b6a9b8d28d,"3547 Goodman Landing Apt. 636
Krystalton, MT 15186",509-61-2852,1e3d610333c3c7d20491d090968f261d1df8b73ad86d5c4965c0dcab912a32dd,95bc3d57306f75ae9b60aae4822d385cd1569766ecf7a0e90cc58a3c765968f4,6776.610533475779,586,Silver,2024-02-06 07:04:23
Alexis Sparks,9c7666579b67742e34c207cbcba768e04ff9eb192bb3e6c6caba4c780a9e6a6a,(684)878-3625,"762 Laura Walks Suite 311
Reidside, MP 12022",251-62-5169,4924981478861442,1946-05-05,5645.5749381366,392,Silver,2024-01-12 11:41:19
Joel Lopez,c59f76553865dccc7c94713ec830d22231d211366e07e10fae6b4813e95699e7,ada54a9666eff9199f7aaf3ae2f5f1ea3b9e9e658c60760a96aa43a3b641892e,fb8805ca179121dfd5e94d160baee2fd3fce32e59b23706f178e10a23cd019f9,020af2f160b5ad7783631f65568e22d6ae19a50db29453ce2db0ce4df8a479a3,2c9be4ceb88a6c825a24c2f1e369d788ad3b2b2dca41f8ca1389b0d8e6db5e09,1987-09-30,3456.439694662828,855,Silver,2024-08-04 08:31:43
Amanda Haynes,bradleydennis@example.org,727-752-3007,0d94c2af8dc16029defa7c006f3a854037d7b70bd399438446f8bee105b099f0,660-42-4909,3546793248127644,1945-05-07,8711.011999315993,976,Silver,2024-01-25 08:24:25
Danielle Patrick,7210b1905ccf60766be52e2451283fe12fe1eb5a23a1607cab1c01aed7a4325a,bdb613100783dbbb4a6c79ec40c65d75fd2d22930684f255a213ffc996acb7b9,7b45faa740fbbf9e29c4de76f4aa920e0caa63488aaf14d78a58573685396b37,769-72-4164,6505923757540604,058134902d42f2ed686f2af2dd7240298f37fc70bd26d3a52c7a6d7357cb0b37,4168.689732890423,389,Silver,2024-05-21 10:54:33
Michele Ramos,2af9b52d7020222fb5b9fbbb1088f02133823e3945d19f262eb5804d7814f040,955.555.6697,535eb8f62d2016fe00da2d7c37895f5e568dce25f77740898cdcf20e3f4dd82d,94fb946b6609e8bc83c508c827bf2427a367e9a5d4cb039a7b6daa9ccf64de99,2297335482728779,84d721fb1999791900749a573bdd927e4ea077745ca8b8bf8ae83ef95867f806,7570.695568708207,621,Silver,2024-06-13 09:44:04
Dustin Wallace,ganthony@example.com,(423)499-6405x305,e42878313c9c669a83f5f5cca3de876ce87cadd4a75216976f0c8d4f019af1f8,8fa6e37a12e6b0028930a729e4cecc7f7fb688fd92d8286f200241c130376742,180032599733354,1844a6650a523b9f22c78319eb99907bb0fc196e2f11f9a53db42572ab6278e6,6531.547322423313,374,Gold,2024-03-13 01:06:28
Connor Newton,ernestrobinson@example.com,(531)305-9184,"4169 Timothy Squares Suite 335
Lake James, WV 10218",4b1c3fb850dd2fa4b728a1be30c15e70069879116d96b4119c83be78f2e7959f,5133263329831633,1969-09-07,6533.694795143165,933,Gold,2024-05-08 22:31:55
Mark Boyd,b6a7636cfc4d91af4e87c51b3b6d9a06f43a2cf938431322cd0d0667c4b1732e,603-649-8518,"76705 Downs Meadows Apt. 263
South Rubenside, GA 56740",ba248e001ae35230067e4032c96185b05b8f5e3588e9640c22ad68b32735f6ee,4ce9e9f22835f656a13b61953dea36df038971a2126a123083e015a1463fd16b,403d805287cf23f8fbb9277cbce6a9abf3037fd60722019b8e4243237b5aad2c,6042.250460620187,817,Gold,2024-07-06 16:07:56
Renee Webb,emilynorton@example.net,95aff2f79426cb040aee956f91891e075e447485bb464128d81771101fe57054,"USNV Hernandez
FPO AP 31377",1dc37a8f25da66591c7cc7603f878c741ceceb5a8e4655d2fa08ae0430ad1d99,4202882148186285639,1952-03-21,6204.4030226877685,636,Silver,2024-04-11 19:37:03
Kari Nelson,williamschristopher@example.org,(873)885-4126x73829,"307 Stokes Burgs
Emilyside, AS 11892",463-93-3728,4059468986297354851,6903c097a80e359b768da71f07243d9278df4279e6f7b850318a9cc446fe35b9,5298.800564053984,621,Silver,2024-02-04 21:57:19
Chris Hill,8e7cdb5a41ad7aa97e92eda6d3cf0f85ab910a6ea2964b1a26f12e377c90953b,cfaf4fea88a69711f21af7b9318028482294a4e4efca7953c81ff9091d2c4f1b,"34747 Evans Lake Suite 839
Katherinefurt, NJ 03856",b1de7179a1c70118b951b11efde06ee3a8c68a08a577cb9a2cb1a835f2cbecda,acb6675c1e9a7de9ae3e9e703a68668049b520b80267563ef912c9095a8dd85a,0310fd3de7e37bf3c5308ddce156084749bdf5d465f3307e5ad638e559547e0a,1997.2454067603267,356,Silver,2024-06-15 17:35:26
Katherine Jones,bankserica@example.com,259-499-4881,04363780977d5b7e10ef02014a01e9b994cfff6a94d6d22e630d124038135de2,506-64-6558,30069927360940,2000-11-02,6069.980234129616,647,Silver,2024-06-23 14:30:16
Jennifer Carey,2f511472c9eede99b0a265fbe77479f5e801c95c76cda0d87e898cf6ae72ae44,652.257.0498x986,8ab1f402bf386b4e3ee97c64ff97e7726df4b1241a2f28c4be841f925eb9aeb5,271-24-8691,5c2bef67ff3f8b6f05ab7dcfd8076f9d074146d9bc3b1456fb454a364767f027,df89812e8c150a0cad8a726e6417876b6d4a6ae3cbfa925e5fc034885185b0ec,6090.662536875249,674,Silver,2024-03-06 07:53:26
William Hall,c72d49a8ccded1117993614e52467502daa9867999aeb43a01c58f374520ab0f,+1-781-991-9024x2873,7c2aac7158608941c9b053e8920a3b92971a78541e3e9572e1cd4076ce13b88e,9a339711e6132ce82914b5ec171f3eb02dcef19e41e50f6d7b994117c35ccd88,b17e3517ac70e712032746f493a8ca71ec16068e43420ab8b21d188fadd4e0de,1987-12-01,9609.198238836887,849,Silver,2024-07-06 09:01:33
Cheryl Williams,randybird@example.org,45674a5048e899073f5dfea71014c83406084d00fa45a844377c68ea9bc280ab,"454 Singleton Track
Port Jennifer, WV 50916",891-25-8777,138eb1d717d03f0a9d2820c67972daeaf8052b2f07a1df56ef1506c78070317c,1944-12-27,9055.036543017712,911,Platinum,2024-03-01 00:11:47
Robert Dawson,nelsongeoffrey@example.com,208.887.1106,"3095 Laura Glen Apt. 553
East Patriciatown, NE 50220",0a0419d299560ca53dc1bf8b618fb9552cde6e593504ab2b7f6f32fe4771176c,3551156656995716,1941-02-26,1869.2953896818344,198,Silver,2024-08-21 01:24:39
Ann Leblanc,grossjeffrey@example.com,07063049076bdee4de5af4b6772c0d1c20d43043030bec08d1bd022d55b8e705,"Unit 3552 Box 8801
DPO AA 20460",152-10-4414,3fd8f6abe7be7957ee4ea2c526283f2a6cb4d3795c40fb8eb902125839c2fd31,f2c780ffdf4396aa53f8aaaf332a17e905f69d8608a744623707181fd7bc8633,1661.133394363398,113,Silver,2024-06-10 04:12:27
Jennifer Ferguson,840fb0f01ec94d0162fd815ea46bf8268604f5f670636d2658a908a7c5b79626,a62051c71c4567b4eeb3557fff4fc073d96d31c114f705871e6eead66c683289,0ab26ec55b633bbe0d7987b818aee8547f009374d1d06205a2841e313263706b,55b676cfb3b88c58e880f9cb8d71f3f3d988d33bf4287dfd1f2234da6ad880cd,4529642558260,dd3bcfd9cbef363c845b2cab304e9bb7f5d878e54e38ed1055077a3f771f619b,8251.720527930109,241,Platinum,2024-01-04 11:34:02
Angela Perez,893d7ce6fa0d0db401814082a85f0b099f2148fb41f72a342a6725db9d31a6bd,3e51beb983f7f75b2576176b4e481ca76fb8851d16c479b0d25be209e1f7591a,"960 Tamara Cove
East Davidton, FM 01685",108-25-5482,4940005557314793388,be0d6cf919b19fcd107ef18101206cb82c486b6cf948c0d0e641db1ab947848a,9099.005023625843,983,Gold,2024-03-28 11:28:07
Mary Fuentes,nstevens@example.net,492b9514fa5f4eb7ccdcd8ad9facc9d6ada98024b646bd505e88a0e78f2e864d,"Unit 3729 Box 1626
DPO AE 27186",7fa8dd1c5ad9fbbb9f3f22b72140e57c230c844f2b51985f6e0669f5eb85f971,2265205034189051,1968-08-20,9097.796319922276,655,Platinum,2024-04-30 01:29:49
Gina Carrillo,cffcea0e51d807093d711fd04e4133df881dcd2667dca96cfc4f2a5cdbb9393c,767-448-9388x63643,83221eb96e2a6ea2719f79f863c5109cb30049122848859de1a76a34acbd6ba3,506-44-6672,3545768712943156,1994-01-04,7412.872371133037,980,Gold,2024-07-15 04:45:04
Jeffrey Smith,cb4a15db36e2ebc5ac5ad6d82616f84bae93e3496659aaabb90d64d5668326d2,70113fc38cb93cdd55fb05a6f2346632fe4f51e697da3dcdb942c2f636e82269,4e4c9aed67c658b666e11ad6baf7ebeedb16adebf1c49295eef2d056d47ef22a,086-12-9680,4656469158658,ef88dd8f1580185d94b35edf1b9ce9ae295b8facb1e18f18e8784afb6a6dbaa1,5633.8943497093915,854,Platinum,2024-06-10 06:30:40
Shannon Anderson,485effb237324e103879cca9b199fe8ef39133a5f823656b4364754186165352,958-318-0738,dd5f647be049516f28195822144d78024dade1bbc8a42ff9c25d695bce0031c2,3123c5c584263a39d155d0e1ad908dc31b701bfdec3d8ef74b9fb345a9b1b576,377107642393910,1994-02-10,9142.206331554962,250,Platinum,2024-03-09 23:33:14
Robert Thompson,97655e92691c36fd58e1272dfa532f6469a0f0b0eb214924cae16645956d751f,949.580.8357,5af45de8235c85821cf80719556f4b87a320336974016339f0ae6d1e51f86b8d,87b812ad814441503ab02d7ca1c7e6f85d347a0219c86ca3712f3ece23abe376,b1dfd254f16d0211c94641259b2053922751066fadec839e44f9c3bc7447c93b,1974-01-15,1657.5232713228756,359,Gold,2024-05-04 18:04:11
Lisa Blankenship,michaelvazquez@example.com,(767)959-7307,"57404 Christy Throughway
Stewartmouth, NV 01573",b74308ca458256dd63c5f70ca3aabb8b4c63e87e6e4986e49ca6823b23364628,db7d6207de070104a1802c39e7214b2e59ddf278333787bb2eab070bd0f04b46,968855ddd858f5bb97909417114398280c70461da0499c46f936a55298be89d3,3841.1491586600273,469,Gold,2024-04-06 15:08:28
Andrea Goodman,nicholasrasmussen@example.net,65acec6bd117f560ea29b5e84287cd83ab104cd3ef33aa33379fe05d945d7048,50c7817768632861b06b08feab893ed4a5aaf6fab851576de99bba4b76c6b261,8680c5e02f5ba5b31b424e3866adb3055befc7a00ebb012fe84c00c8f1d62123,371658262460765,1972-10-06,7210.534065131402,801,Silver,2024-07-28 14:19:03
Lauren Hall,7d046ed7f4fc9a44edd5bca4359690cb378e86b40c10e0f4bd5e52ee02883445,226-720-1852,"1136 Thompson Orchard
Aguilarborough, RI 63902",f7a56b443d0d8aba03a13a4ea54c20366fe858961517d9af22c8a1bc8c6b0b2c,30371555888709,1998-07-22,5979.70677447427,228,Gold,2024-06-14 18:16:35
Jeffrey Anthony,tashaholt@example.com,116540600f431b092a08a53e1f0655164fd849d07e30233acc93969506c64090,"427 Chen Court Apt. 413
Port Christianshire, ND 18654",4ca3f8dd4baa169c09defe284b677f2f4e3ab7d8ddbbdf23feb9e4eb25116a70,daba8de083c45874d7bc1f879439782c2d84e7ed82efe2959a47205918761d0a,1984-08-07,4163.758283832944,859,Platinum,2024-06-29 05:23:10
David Liu,5094d61b3f5c81dc8f1bc78553426c99ba72d4b094bf3e2cd580febdeed13d95,10fa83afadcaecbebd425f7d85817f8ecd1283827e33ffc770b6cdcc6c2c79e9,8b762e6866f0b1d1d554b021eb20849126278507cdb73047362e1f455c4e6ed7,160-99-9475,38480081470908,1999-10-21,2318.4575241632156,589,Platinum,2024-08-28 00:52:45
Raymond Henry,3e4fc9c6156a98ee32684d6e3166f3fef4f84c036fc9633093dde87108deb48a,f6bf3bac8f6209efe3f7a706992ebda43a1d644bd78332334f2cd91712d91c79,7efdcb502bba42dceba1609420118a6bac6a1bfe61880f7eae73c88242a1e726,b7e50560821df4ffef04783d2d581f41090e2f9a8d45c47f2b4563512c3318ba,e95e7be05b91c8b6f52e1175ec37c65dd4580c8c6f782ef4842091f840326446,1981-02-03,9987.978211120531,704,Platinum,2024-02-13 12:43:23
Kathryn Turner,youngpaul@example.org,7bcb2237c95b08b7a30dbaae4c57a6a7b0d8a2ff95a61b2ce1d936f0615693a7,ee8136cc685de9da85cd13112325c373e405f387b0f3fa156cb0ef68300ac1d0,60d639b04bd8dfac38e0b46eab46ddd9fb54e840db6861d337bfc9cd02fcd32b,4599186115115758913,7d4c5a249d3cd1e587b075b3f8faabe15f0f122c0f6ccdd59e2647d77ab35970,5869.818952171657,921,Silver,2024-03-14 17:33:09
Sandra Christensen,briansnyder@example.com,(247)346-3528,3ebec0347c043590c3832ebc11791a63ce7256bdb9e5d54fe1c3756f79629429,548-69-4324,4158872983370698098,1956-04-10,5149.7362125872805,479,Platinum,2024-06-28 11:11:44
Erin Montoya,384b75b3efd04a0b9b8398d54ddc7e7c732c24055b577cd8cfc4684b820fb845,(523)207-9651,3b9a6e3f4d94ba2abe9ab8b2d2e37076caf727f7d812a5f31d17c2dfe411db6a,215-23-8373,9368a5361df820b9b3100f44f30dd222d6c100f3dcf850d604300f8c94644b37,b39b026ed00b583a33ab511b8a7f46cbadb3311de658b6a5008a2c333832b67a,1926.755915146296,984,Silver,2024-08-11 03:58:10
Darren Stewart,77d816c554c9a2ca1c1ed0226b0ef06559e43a67bed3dc5cf34d179ac016deb4,2979849253,"89195 Bates Circles
North Ronald, WY 46095",629-72-2953,53b05f161ee7299f37ab107de5cc2889b3ab48db2576019c26752d7901121a75,708f23bfa0b9015d45789c8e9b08770528a29799ade788905505c8e350d05c94,8290.025592755112,928,Platinum,2024-01-23 12:51:59
Dr. Jorge Salinas,ee10b7924b3445d1f3f829b171dc78403d6b4fee0d0e76c97343c7949d41ef75,93243b584558d815a735d2573100f745b0b4e98148195a151dbe9a20d4adeced,aa4062db785843469e902afbe52b55a2cb7618c727e82686296b12860cbdc309,057-16-9473,9405d2742adc4bc182d86f3feb3527deff7be56b692600d41465e9eb56a43123,1961-08-12,7172.2380011385385,920,Silver,2024-01-23 02:23:06
Mrs. Mariah Long,jprice@example.net,c424f2db425f9d495160bb547383925f1e4b7467f3833db1617d109f4042fb84,"698 Laura Crossroad
Brewerborough, SD 31845",129-39-0495,30478984886525,1975-12-16,2852.335923557827,526,Gold,2024-07-10 01:03:03
Andrew Watkins,kadams@example.com,f5adf3e4b94155ac4a3da90dd162664b4c26804d96210b24567d3cce6fb5d31a,"4401 Sarah Run
North Kelseyborough, VT 98459",609-76-6304,54d245eeb00d394f81e831f1fb1626721a3fc4ee26d1019cf6f8cd73285cc6ee,1979-01-20,9779.833618636761,634,Silver,2024-01-12 17:33:22
Jay Roth,52e9cc062833513fd5900e6f7b3cd8b4aa3c8cdcda3dc3775836b2faa14a81ad,+1-964-446-2172x346,"5985 White Lakes
West Kyle, AL 66742",184-80-6003,de486ea71b60268a3cd177f04f97082eab1dde704191f3775085f6768da518c0,5147333d583ad02bf3bd16778640f0b5c8bca2b12071615f4e7752385807891f,9695.854133219063,509,Gold,2024-02-10 06:25:52
Joshua Brown,davidperez@example.net,001-804-817-3973x0365,7605d3cc3deea19535225b714cd2f505f96be8a69d653036ef7d6a44def23d0b,132-71-7049,4300097553425005,3e0a3510cb737f4b18313e7bc63c3426002bb0e40799f25187c2afc74150d0c5,5734.408972944398,227,Platinum,2024-04-24 15:44:05
Daniel Carr,brittney48@example.net,3e390129fee2c888f7d18ddfd0a13f4a9316da59a3da7e647615d9489d0efc55,"30315 Callahan Gardens Apt. 221
Rebeccaburgh, AL 42119",685-04-5307,f6df07e709dff76ab2b04f40c673fb8dea6800a678170056f834567d1c25df3e,7f27cbd4af2ab8ac2ddcf03624968b16255dccecaae60c185320d7bb76b82aad,9016.013659500424,297,Platinum,2024-07-03 03:22:41
Allison Ellis,3208dcf54ef04f06f296fef0563f55e4a07b5c34e57ee6a171674ea8080ca9ba,0c43104ca358522fa2d6f13d95706fa0ea45fd702c2a18d52c0f2665b1b1ca60,9b55d01fe26f99bd186024481f33b53ad6beb80cfd439c2ef5b1b21303e3d272,5c6011ca09604c0a5d7accb1bb489e7261d370b70917eb139cbfd86092511bf6,58bdc43d7f53e5da59b67eccff34bd7120fd5b6ae2c152fdea9f3a53b5cb5fc4,1983-01-17,4416.231441194924,347,Silver,2024-03-29 17:27:08
Robert Castillo,1d9b177478aedd5db44f0b9ac4e41f186da9f0bd35e5152bc8099f4705dccef0,33cc4152b01fe17c27705356f070d68f799f53eb88e9e025f93e5c7d88b139e3,7d07ad0d95d76fa3781bc9cd35451703c80c4836faa4167d1fa9ee451808ef5a,823-06-6904,30274698978413,1948-10-21,3388.9448413178006,492,Platinum,2024-03-29 21:36:33
Denise Hernandez,2d07d3bf566c3f3c20a2b917c2202d1f555c821451a3bf16e9bd99760c1da5ca,001-783-842-1510x2931,b494661aae8ce89b3797eb13bedfc3fe427bfb69c1e1b96ac32177e8bb3ca914,c2e1499377610a1cd52046322a3f3ea13730b8b770e73c36ff305b5a7e92cea8,af5628afa38f8660b6c15692c866dc8400f0e2745fb5be782d2130f568e37228,1965-11-24,7943.977666734606,841,Platinum,2024-08-03 10:50:37
Gina Anthony,ngray@example.com,001-212-329-1260x25398,"6603 Bennett Crescent Suite 910
Masonburgh, MN 99607",068-18-6525,399a422e7e0c4996d77decd67dc77c13d1043115b01643b16360de542a876ff1,1971-07-06,3663.4476160175072,965,Silver,2024-03-16 06:31:54
Richard Roberts,63d18f813e69d43ae9543b468c64975b5a57018c85b1a8d26ac6511965a607cb,491472d322559aff6ed24752a4bc26e321ff2d641c475b6e195736bf86df1c4f,"Unit 0689 Box 2456
DPO AA 37655",125-36-6345,30485103183809,458711f94c658e4c94bd99e0a8935cd92af21ce8bf7e39b7e3dcebee0601d6db,7833.379669495537,365,Silver,2024-07-24 18:17:07
Bobby Melton,maynardbarbara@example.org,9264712436e2c6db405d2f42c70f5e2797b5ccac71fe56311e6a583540f1ba42,b572cc5955b997ee1d1c5e52ffcf93e7ea8f1b5862f34a98371cf31e20420654,376ef70ed3ae32f0445d744e4b8434ea95e037f42bc50bfc3a44d67e1d440097,7714744b714a9d2d4c1334cbe32c7e497b6c1a34665aa6e7d6072708930f9d28,89e4ed9d0405e0abd19c5afae92f32a4aef5e1f92c7be2e72e361c445d89c4b1,7080.638587096088,463,Platinum,2024-04-30 05:08:42
Laura Lewis,laurie36@example.org,2166afe0d207f226977b1ef2790deb250aeb014af13a97b37adce820784d80e7,"22495 Johnson Path
Hartmanbury, DE 74649",4ffbd9699c9c9c79b311230ee3ce9f6d54c0eeeb6aa31410affdcd39b9996480,3571045251344428,b2b082aaca9781c77890419a39d377d46bee96f1a6242a7facefc7032f10c8bc,2694.123324257096,131,Platinum,2024-06-04 11:35:01
Stacey Smith,ocarr@example.org,(956)830-4616x520,f5626d9a8dd0c579f7fbce1df477a52aa98fd4c8ee314fd1cc958f164ebdda7e,132-48-4295,8575930cac717aff15ff7951b9e2c64e2010257f4b5cb7e3b3366408b770eb50,58e92f0ea46293eb220a02ddf3e051ff8d7032c724179c437afd977922b6ee80,7571.991650071942,853,Silver,2024-08-09 20:28:35
Michael Campos,kirsten79@example.net,+1-975-527-8828,"287 Berry Rest Suite 159
Port Justinshire, ND 25616",731f403aae7d4770b0f541d16a9e0c4543c6fd95d1c2ff4e85090c77c1785d3a,b1b630e5671f750735c4d36684b2fd6e1416b83e0b105467fef524017abe6b44,2002-10-23,7766.483320782255,365,Platinum,2024-09-05 21:08:29
Joseph Brown,mendozasandra@example.net,+1-656-384-7488x9547,b0b5f56d788a644f5488c4443dc24e481d20e0cadbf3d38a75135a59ef820f04,1df1d9e78f24ead61db183c2064acd80c23a0072d4fa6c5c7397bffa269aadb2,a1ae500e94e737aefb3419916cf505899f77b29d31d3237228cf3e0cabc858ee,2d6f98424fb485246e7e7a5809d9d0c551c075f059fe242ae796937d2c2ca3f9,8143.005926506882,461,Platinum,2024-02-21 13:41:29
Mark Wilson,dgreen@example.org,b750c4b911170796ba1bbb640baa4cbec2f9accc8c97f8177047c925aabd5fca,c9bd39c68abda5bfd27a9b40934d7de7df32a9c1a851a54929e920fe961a1a95,688-70-5479,86f09052be18496dfe27215694bffbf6848e3460069da73788db16fad6a9762b,c3f3a7966a52f2d6509c42a1dbe6f87cf6c2684490021ca6115a267840cfe38c,3333.621986856936,255,Silver,2024-07-25 00:02:59
Dr. Ruben Phillips,mark68@example.com,599-480-1261x39041,1f0faba9d261450dc537cbd29625922e42ec831839e3abf5d3ecb8bff0c81f4c,366-75-6375,719495442ef18ec4cdc40d5b3113349d0291c1fd1cf8879ed052890730a72cfd,1944-02-12,8986.600435356922,554,Silver,2024-04-24 21:15:14
Joshua Mack,078ed38dd8457abd8c446ad76675bc17f6a726d26ee04086fa8a0452976e6931,+1-359-446-9129x521,"2911 Jacob Rapids Suite 988
Port Kimberlyfurt, SD 96823",440-08-5233,3522645657002700,1946-08-22,3991.4150319127953,880,Gold,2024-03-26 10:04:27
Jeremy Howell,brittanyjenkins@example.net,001-986-763-6487x9527,e39fff9826dee963baf62970b0397af99f48e90bebe9a6fb06b6cf5aeba23534,386e72526642e491bdd92c2ef403b3893ff6fdcd06d5e30fd525495ccd0907c1,bc0cd971cbf2a8eabc32bc315a7380703a33e1fb446bf32002d288fb6628338d,7c4ef190eac1ea2782e293dcf9e1a11d5f9d30d322520669d2cfff08b0f2b27a,1146.1224790164742,861,Platinum,2024-06-20 17:49:04
Brian Garcia,88368019beaae264b372ef9c104dca4dd4d9a984f9d42720cc0b393d5655dc5c,25f35e6a4296e6cd4daaeab0394571b414956dccabbaa5979391d0c9dbe9d5b8,a8426629c85354bfb7ed3c6fdfc55e323c7315e72836dd04889352e763b22f5c,349-82-7758,2720039484917060,1987-10-18,7743.745696188057,467,Gold,2024-02-16 23:10:14
Bailey Mccarty,2a8757c8a2e7f3e1b61acf9ee7a5ec0c48cf982b2c2bd2befd2deef81b832c28,c17e8ede6fa602cb94541404616a9d5995185ae1a60d13e2afdb1df6cc84427b,8b7706a0365f5783116c3cd2e045ae067ee3cbc8d070eaa2b2e11dae4bcc233d,a435db1799879941282c591b4e7d610c12c2c9945a55f8e4e36a85f4081e1432,30266192218007,1939-04-24,2194.8937440842888,519,Silver,2024-01-13 13:08:13
Kelly Sellers,vickivaldez@example.net,(920)860-4840,"957 Garrett Canyon Suite 916
West Robert, MI 47312",493-15-5090,372700434969262,341241f236f0bc15336fadcaf6de227eade5b94ed3adfe456938b1c8baeaad31,7824.835717892845,894,Platinum,2024-02-18 18:39:03
David Brown,b344191dba50bdaf7e740e2f172a4c7233d349fac5f581c7ea8f986bc56239ac,13930107e0d1dd8069eb138ad7ecdbcf166c60096a368be5e32365b067df3dc1,e3480a02619e91a1b51d7531dc6c2b17fe203cd75fb7169e54f754e7dfa2b30d,362-10-3198,4a5db170b9566e52cc9a222a972eed6299dbb94460e80908ae83a48ea6248f1e,c6131f0772f19d02aa6fe3a07973f98626b8a1fb462aee09ecdc5bed4da3d5d4,1138.5913528364665,736,Silver,2024-02-11 19:53:35
Connie Lee,twilliams@example.com,7126223675,af7ab3f44751ab175c472d28b7c3fe6facb28090fe6de01c415905c7d49e7b17,69f98bebf83b31de24631363eda64deec38778dc8e4af292c474d929cdc40ebf,3509981894895946,5690dff82a122bbccdce3b6399d8b4c5614a2279ac41b13620d7838af7f241be,4772.065172710763,390,Gold,2024-05-10 04:03:33
Ashley Price,morrisonkeith@example.net,f932b3d80622cdd311b2a67cd38ac297b884b4a2ecdcc0b5783e92a09146ee6a,"511 James Road
Nicholasbury, MA 86937",11756b2978cc7e4e468c4bd193863e227384762333af4246d980870ababbab12,180009468108181,1968-10-10,8805.837755647492,120,Gold,2024-04-12 15:24:05
Brenda Morton,af6bb6496d06a4d8ec5f2537c0a90c95217c97b6c526cbbe56de42731286b46d,614-727-3574,be9bcbe538422e4de7904655c7dae0ca8a09d9ea7f57f8535047e4c24068bbeb,317-63-4684,90a4ab549d7f8a633318b39c32d2bdb7d197fe69637ec6c15d3cfb7c7a3e6b55,1969-03-16,7071.304567938602,100,Gold,2024-06-29 15:17:14
Michael Thompson,petersonbrandi@example.net,(610)638-3708,"1125 Scott Haven
Lake Heather, MO 13998",1afd9db457f821b87460bf6add804df2339d1ec3efb7ba35d9751801e77565cc,7cfdb67dd15ac505de7cef5ea386cdaf50c85aa1913a04f0037b7046883ce708,1969-01-02,1216.9965998960065,739,Gold,2024-03-03 19:25:07
Mark Edwards MD,424c6834131468e293534ec31c0241ea328d54e8fd3c4e08d7d158e8845cb3c4,b5b0118212218130cac5b3b66aef8bd2d35a631c6258df28dea943733a78161b,40bff930b26921d12739e21e39a973292c50e37034c8978b894d8c6eba2265a5,883-71-3458,3579592941171085,1989-03-28,9785.809028548267,504,Silver,2024-01-15 08:10:27
Linda Mclaughlin,andersonjustin@example.net,210.456.2706x0471,"66293 Brown Unions
Davidtown, IA 70039",514-02-0735,4791955056998123076,1958-12-10,6154.807159587424,944,Platinum,2024-04-03 19:13:12
Joseph Morales,nicolehampton@example.org,d0213e6cf3b32fb7b7cbe9523016c8150a02da0c8aed059b57044081a34ad6c4,95854b85d2ca5a14de30393dfa1cd9b9dbbaaf1c8b1722f52095c1d279feaa59,25f12dca68a0b51dab5948d27b6045d561fafea62e5f3ae589576483eaad2df5,23d5b2068e309092570c023f97dbed2abd38c27cec1b14fdeb2a208c2065f6d5,a93028608b36f89e83f622db81c65cedc107174f5c7e95ef1332ef9b9277a431,3302.4041893859767,396,Gold,2024-01-11 23:27:24
Cory Mccall,katelyn44@example.net,(808)390-4649x792,"598 Alexis Trail
Hamiltonville, AR 40177",1545f0bf8c9256eefca18153de43676d6ea8b56e6c92d620ddc7ea9bb6afd2f1,06b150feee3dae5e4dac8f4a93ef17114f72b911a1b81273ebd73b6646e32089,1940-07-22,4619.492743464033,743,Gold,2024-05-29 22:14:51
Sarah Walker,dray@example.org,381.639.4337,"2451 Karen Roads Apt. 665
Audreyside, VA 45849",fe30d985a1503c2dbc14c5d14653edba036e94190bb50d0b61744b7caf80c288,67d5f4a5df09f57672f783ee2e837b4d74614ab48112de8b17aaf3c38dd0f54a,ee14da9d109b93c4b6030e597511607f694a406e8b1898ce0289d36729027372,8600.177445666643,189,Gold,2024-02-07 03:16:17
Kelly Beasley,andersonmatthew@example.com,3642b4d2111243cdf86907217c05a5ffcf9d4d2771568016bdc4aa7378cb85ec,635d9a9eeb6f86739adbf0bb8f0fa1fe21248eeeb22966e0e19f61133ff6bd2c,1c2d1f8e3942d3723c619ae53eecd573080fefae56540c7224f2f0310b0af566,11a42d449a5ccec9b215858a1b46084f642fc9a30a0c23f319e4be53480bd679,230db3484bc25d310d8eaf7b824ad95f05b865f4b849bab2c37fab883a589673,6191.1249141817225,575,Silver,2024-04-14 20:44:00
